date,day,visitors
2019-01-01,화,1524.0
2019-01-02,수,634.0
2019-01-03,목,777.0
2019-01-04,금,690.0
2019-01-05,토,1601.0
2019-01-06,일,2057.0
2019-01-07,월,773.0
2019-01-08,화,804.0
2019-01-09,수,529.0
2019-01-10,목,839.0
2019-01-11,금,814.0
2019-01-12,토,1855.0
2019-01-13,일,1680.0
2019-01-14,월,433.0
2019-01-15,화,493.0
2019-01-16,수,674.0
2019-01-17,목,1220.0
2019-01-18,금,810.0
2019-01-19,토,1738.0
2019-01-20,일,2064.0
2019-01-21,월,731.0
2019-01-22,화,988.0
2019-01-23,수,756.0
2019-01-24,목,1010.0
2019-01-25,금,882.0
2019-01-26,토,2023.0
2019-01-27,일,2391.0
2019-01-28,월,703.0
2019-01-29,화,938.0
2019-01-30,수,716.0
2019-01-31,목,1624.0
2019-02-01,금,626.0
2019-02-02,토,1630.0
2019-02-03,일,405.0
2019-02-04,월,2550.0
2019-02-05,화,3855.0
2019-02-06,수,4046.0
2019-02-07,목,996.0
2019-02-08,금,771.0
2019-02-09,토,1771.0
2019-02-10,일,1652.0
2019-02-11,월,732.0
2019-02-12,화,1041.0
2019-02-13,수,917.0
2019-02-14,목,1290.0
2019-02-15,금,587.0
2019-02-16,토,1889.0
2019-02-17,일,2834.0
2019-02-18,월,1084.0
2019-02-19,화,514.0
2019-02-20,수,832.0
2019-02-21,목,998.0
2019-02-22,금,1005.0
2019-02-23,토,4086.0
2019-02-24,일,7466.0
2019-02-25,월,1428.0
2019-02-26,화,2285.0
2019-02-27,수,2595.0
2019-02-28,목,2135.0
2019-03-01,금,6264.0
2019-03-02,토,5491.0
2019-03-03,일,4393.0
2019-03-04,월,822.0
2019-03-05,화,649.0
2019-03-06,수,513.0
2019-03-07,목,1196.0
2019-03-08,금,1622.0
2019-03-09,토,17833.0
2019-03-10,일,9254.0
2019-03-11,월,1025.0
2019-03-12,화,1326.0
2019-03-13,수,1064.0
2019-03-14,목,1351.0
2019-03-15,금,963.0
2019-03-16,토,8722.0
2019-03-17,일,15718.0
2019-03-18,월,1945.0
2019-03-19,화,2077.0
2019-03-20,수,759.0
2019-03-21,목,1144.0
2019-03-22,금,1477.0
2019-03-23,토,3562.0
2019-03-24,일,12787.0
2019-03-25,월,1538.0
2019-03-26,화,1744.0
2019-03-27,수,1117.0
2019-03-28,목,1665.0
2019-03-29,금,2870.0
2019-03-30,토,2452.0
2019-03-31,일,4418.0
2019-04-01,월,1876.0
2019-04-02,화,2081.0
2019-04-03,수,3957.0
2019-04-04,목,3060.0
2019-04-05,금,4100.0
2019-04-06,토,11272.0
2019-04-07,일,31924.0
2019-04-08,월,5501.0
2019-04-09,화,3029.0
2019-04-10,수,2124.0
2019-04-11,목,8577.0
2019-04-12,금,9296.0
2019-04-13,토,39200.0
2019-04-14,일,5017.0
2019-04-15,월,6556.0
2019-04-16,화,6982.0
2019-04-17,수,6040.0
2019-04-18,목,4791.0
2019-04-19,금,6494.0
2019-04-20,토,29419.0
2019-04-21,일,19874.0
2019-04-22,월,4445.0
2019-04-23,화,3905.0
2019-04-24,수,3475.0
2019-04-25,목,6869.0
2019-04-26,금,3550.0
2019-04-27,토,23777.0
2019-04-28,일,17964.0
2019-04-29,월,3283.0
2019-04-30,화,6833.0
2019-05-01,수,26327.0
2019-05-02,목,6977.0
2019-05-03,금,9589.0
2019-05-04,토,17366.0
2019-05-05,일,43255.0
2019-05-06,월,31870.0
2019-05-07,화,4534.0
2019-05-08,수,3574.0
2019-05-09,목,5572.0
2019-05-10,금,7701.0
2019-05-11,토,17093.0
2019-05-12,일,17370.0
2019-05-13,월,3194.0
2019-05-14,화,6529.0
2019-05-15,수,6094.0
2019-05-16,목,5200.0
2019-05-17,금,8945.0
2019-05-18,토,16276.0
2019-05-19,일,2666.0
2019-05-20,월,3766.0
2019-05-21,화,7521.0
2019-05-22,수,6119.0
2019-05-23,목,6060.0
2019-05-24,금,7253.0
2019-05-25,토,23240.0
2019-05-26,일,25575.0
2019-05-27,월,1162.0
2019-05-28,화,9372.0
2019-05-29,수,8026.0
2019-05-30,목,19350.0
2019-05-31,금,8759.0
2019-06-01,토,26364.0
2019-06-02,일,25449.0
2019-06-03,월,6056.0
2019-06-04,화,6528.0
2019-06-05,수,6975.0
2019-06-06,목,21962.0
2019-06-07,금,2612.0
2019-06-08,토,27175.0
2019-06-09,일,15525.0
2019-06-10,월,3073.0
2019-06-11,화,4733.0
2019-06-12,수,4792.0
2019-06-13,목,3361.0
2019-06-14,금,3441.0
2019-06-15,토,12924.0
2019-06-16,일,14680.0
2019-06-17,월,3147.0
2019-06-18,화,2085.0
2019-06-19,수,2212.0
2019-06-20,목,3271.0
2019-06-21,금,2457.0
2019-06-22,토,12601.0
2019-06-23,일,11289.0
2019-06-24,월,2921.0
2019-06-25,화,2038.0
2019-06-26,수,1954.0
2019-06-27,목,1587.0
2019-06-28,금,17126.0
2019-06-29,토,4743.0
2019-06-30,일,9422.0
2019-07-01,월,2026.0
2019-07-02,화,2076.0
2019-07-03,수,1546.0
2019-07-04,목,1671.0
2019-07-05,금,1344.0
2019-07-06,토,3647.0
2019-07-07,일,4107.0
2019-07-08,월,1440.0
2019-07-09,화,1778.0
2019-07-10,수,1412.0
2019-07-11,목,1100.0
2019-07-12,금,2070.0
2019-07-13,토,7214.0
2019-07-14,일,6264.0
2019-07-15,월,1060.0
2019-07-16,화,1684.0
2019-07-17,수,1339.0
2019-07-18,목,2643.0
2019-07-19,금,1355.0
2019-07-20,토,2468.0
2019-07-21,일,2912.0
2019-07-22,월,1429.0
2019-07-23,화,1370.0
2019-07-24,수,765.0
2019-07-25,목,630.0
2019-07-26,금,12704.0
2019-07-27,토,2834.0
2019-07-28,일,1144.0
2019-07-29,월,2921.0
2019-07-30,화,2230.0
2019-07-31,수,724.0
2019-08-01,목,3038.0
2019-08-02,금,2886.0
2019-08-03,토,2685.0
2019-08-04,일,2468.0
2019-08-05,월,1053.0
2019-08-06,화,7204.0
2019-08-07,수,1197.0
2019-08-08,목,1250.0
2019-08-09,금,886.0
2019-08-10,토,1785.0
2019-08-11,일,2657.0
2019-08-12,월,428.0
2019-08-13,화,1185.0
2019-08-14,수,872.0
2019-08-15,목,1120.0
2019-08-16,금,3587.0
2019-08-17,토,5430.0
2019-08-18,일,7670.0
2019-08-19,월,1854.0
2019-08-20,화,1430.0
2019-08-21,수,1328.0
2019-08-22,목,1190.0
2019-08-23,금,1863.0
2019-08-24,토,10784.0
2019-08-25,일,11007.0
2019-08-26,월,1821.0
2019-08-27,화,1711.0
2019-08-28,수,1679.0
2019-08-29,목,5198.0
2019-08-30,금,2304.0
2019-08-31,토,15428.0
2019-09-01,일,14422.0
2019-09-02,월,1994.0
2019-09-03,화,1790.0
2019-09-04,수,460.0
2019-09-05,목,764.0
2019-09-06,금,998.0
2019-09-08,일,6033.0
2019-09-09,월,925.0
2019-09-10,화,987.0
2019-09-11,수,1770.0
2019-09-12,목,5460.0
2019-09-13,금,19822.0
2019-09-14,토,16120.0
2019-09-15,일,14186.0
2019-09-16,월,3182.0
2019-09-17,화,2611.0
2019-09-18,수,3172.0
2019-09-19,목,3431.0
2019-09-20,금,4563.0
2019-09-21,토,10127.0
2019-09-22,일,1126.0
2019-09-23,월,2999.0
2019-09-24,화,4136.0
2019-09-25,수,3948.0
2019-09-26,목,11123.0
2019-09-27,금,4624.0
2019-09-28,토,22637.0
2019-09-29,일,18965.0
2019-09-30,월,4098.0
2019-10-01,화,3496.0
2019-10-02,수,2251.0
2019-10-03,목,15337.0
2019-10-04,금,11882.0
2019-10-05,토,16368.0
2019-10-06,일,19596.0
2019-10-07,월,453.0
2019-10-08,화,6765.0
2019-10-09,수,25533.0
2019-10-10,목,4152.0
2019-10-11,금,6444.0
2019-10-12,토,18065.0
2019-10-13,일,18452.0
2019-10-14,월,3421.0
2019-10-15,화,4828.0
2019-10-16,수,4625.0
2019-10-17,목,7092.0
2019-10-18,금,8745.0
2019-10-19,토,19166.0
2019-10-20,일,16154.0
2019-10-21,월,4135.0
2019-10-22,화,4520.0
2019-10-23,수,5540.0
2019-10-24,목,4341.0
2019-10-25,금,8133.0
2019-10-26,토,17609.0
2019-10-27,일,16692.0
2019-10-28,월,3318.0
2019-10-29,화,3791.0
2019-10-30,수,12945.0
2019-10-31,목,4014.0
2019-11-01,금,3458.0
2019-11-02,토,14026.0
2019-11-03,일,11948.0
2019-11-04,월,3977.0
2019-11-05,화,3444.0
2019-11-06,수,3086.0
2019-11-07,목,3573.0
2019-11-08,금,4592.0
2019-11-09,토,12385.0
2019-11-10,일,9306.0
2019-11-11,월,2244.0
2019-11-12,화,2867.0
2019-11-13,수,1080.0
2019-11-14,목,3890.0
2019-11-15,금,618.0
2019-11-16,토,6239.0
2019-11-17,일,1062.0
2019-11-18,월,893.0
2019-11-19,화,2984.0
2019-11-20,수,1030.0
2019-11-21,목,1160.0
2019-11-22,금,1700.0
2019-11-23,토,7841.0
2019-11-24,일,3749.0
2019-11-25,월,922.0
2019-11-26,화,1377.0
2019-11-27,수,1223.0
2019-11-28,목,1041.0
2019-11-29,금,18132.0
2019-11-30,토,3727.0
2019-12-01,일,836.0
2019-12-02,월,813.0
2019-12-03,화,696.0
2019-12-04,수,790.0
2019-12-05,목,705.0
2019-12-06,금,407.0
2019-12-07,토,1326.0
2019-12-08,일,2122.0
2019-12-09,월,621.0
2019-12-10,화,708.0
2019-12-11,수,645.0
2019-12-12,목,1153.0
2019-12-13,금,749.0
2019-12-14,토,2182.0
2019-12-15,일,3487.0
2019-12-16,월,1084.0
2019-12-17,화,473.0
2019-12-18,수,1578.0
2019-12-19,목,779.0
2019-12-20,금,725.0
2019-12-21,토,1661.0
2019-12-22,일,1967.0
2019-12-23,월,699.0
2019-12-24,화,959.0
2019-12-25,수,2858.0
2019-12-26,목,548.0
2019-12-27,금,1302.0
2019-12-28,토,2110.0
2019-12-29,일,6913.0
2019-12-30,월,863.0
2019-12-31,화,548.0
